LOCATION_NAME,TSN,X_COORD,Y_COORD,EFA_ID,PHONE,ADDRESS,FACILITIES,ACCESS,TRANSPORT
Aberdeen Station,233610,150.8920522,-32.16710358,Coach1192,02 6543 1018,"New England Hwy, Aberdeen",2004|2017|2009,3001|3009|3011,Train
Adamstown Station,228920,151.7200807,-32.93372988,Coach1159,02 4962 9295,"Park Ave, Adamstown",2003|2004|2005|2006|2017,3001|3004|3008|3009|3011|3016,Train|Bus
Albion Park Station,252710,150.7984997,-34.56264671,Coach1381,02 4223 5416,"Princes Hwy, Albion Park",2002|2003|2004|2005|2006|2015|2008|2009,3001|3004|3008|3009|3011,Train|Bus
Allawah Station,222020,151.11433,-33.96958391,Coach1338,02 9563 7415,"Railway Pde, Allawah",2002|2003|2004|2005|2006|2015|2008|2009|2011|2013,3001|3003|3005|3006|3008|3009|3011,Train|Bus
Arncliffe Station,220520,151.1472995,-33.93645619,Coach1333,02 9563 7431,"Firth St, Arncliffe",2002|2003|2004|2005|2006|2015|2008,3003|3008|3009|3010|3011,Train|Bus|Taxi rank
Artarmon Station,206410,151.1852939,-33.80890264,Coach1116,02 9379 1140,"Hampden Rd, Artarmon",2001|2002|2004|2005|2006|2015|2008|2011|2013,3001|3003|3008|3009|3011,Train|Taxi rank
Ashfield Station,213110,151.1255042,-33.88755061,Coach1209,02 9752 8356,"Brown St, Ashfield",2002|2003|2004|2005|2006|2015|2008|2009|2011,3001|3003|3005|3006|3008|3009|3011,Train|Bus|Taxi rank
Asquith Station,207730,151.1080252,-33.68876996,Coach1128,02 9847 8495,"Haldane St, Asquith",2003|2004|2005|2006|2015|2008|2009,3003|3006|3010|3011|3017,Train
Auburn Station,214410,151.032867,-33.8492696,Coach1219,02 9848 9206,"Rawson St, Auburn",2001|2002|2004|2005|2006|2015|2008|2012|2013,3001|3003|3005|3006|3008|3009|3011,Train|Bus|Taxi rank
Austinmer Station,251540,150.9293128,-34.30641046,Coach1363,02 4223 5573,"Railway Ave, Austinmer",2002|2003|2004|2017|2008|2009,3009|3010|3011,Train|Bus
Awaba Station,228310,151.5416347,-33.0129204,Coach1150,02 4349 9241,"Adelaide St, Awaba",2003|2004|2017,3008|3010|3011|3016,Train|Bus
Banksia Station,221610,151.1404316,-33.94528645,Coach1334,02 9563 7429,"Hattersley St, Banksia",2002|2004|2006|2015|2008|2009,3003|3008|3009|3010|3011,Train|Bus|Taxi rank
Bankstown Station,220010,151.0346869,-33.91786454,Coach1401,02 9563 7160,"North Tce, Bankstown",2001|2002|2003|2004|2005|2006|2015|2008|2009|2010|2011|2013,3001|3003|3005|3006|3008|3009|3011,Train|Bus|Taxi rank
Bardwell Park Station,220710,151.1248574,-33.93161666,Coach1410,02 9563 7428,"Hartill-Law Ave, Bardwell Park",2003|2004|2005|2006|2015|2008,3003|3008|3010|3011,Train|Bus
Bargo Station,257420,150.5802091,-34.29136493,Coach1303,02 4684 1320,"Hume Hwy, Bargo",2003|2004|2017|2008|2009,3010|3011|3015,Train|Bus
Bathurst Station,279538,149.5832161,-33.42562703,Coach1281,02 6334 8600,"Keppel St, Bathurst",2002|2003|2006|2017|2008|2009|2010|2012|2013,3001|3006|3011,Train|Coach|Bus|Taxi rank
Beecroft Station,211910,151.0662982,-33.74995417,Coach1197,02 9847 8421,"Wongala Cr, Beecroft",2001|2002|2003|2004|2005|2006|2015|2008|2009|2011,3003|3008|3010|3011,Train|Bus|Taxi rank
Bell Station,278620,150.2788861,-33.50568554,Coach1272,02 4787 8452,"Bells Line of Road, Bell",2004|2017,3004|3010|3011|3016,Train
Bellambi Station,251810,150.9099025,-34.36331842,Coach1367,02 4223 5579,"Bellambi Lane, Bellambi",2003|2004|2006|2017|2008|2009,3004|3009|3010|3011|3017,Train|Bus|Taxi rank
Belmore Station,219210,151.0887332,-33.91721798,Coach1397,02 9563 7578,"Burwood Rd, Belmore",2003|2004|2005|2006|2015|2008|2009|2011,3001|3003|3005|3006|3008|3009|3011,Train|Bus|Taxi rank
Berala Station,214120,151.0324418,-33.87183567,Coach1390,02 9752 8813,"Woodburn Rd, Berala",2002|2004|2005|2006|2015|2008,3003|3008|3009|3010|3011,Train|Bus|Taxi rank
Beresfield Station,232230,151.6578627,-32.79894599,Coach1172,02 4962 9944,"Addison St, Beresfield",2003|2004|2006|2015|2008|2010|2011,3001|3003|3005|3008|3009|3011,Train|Bus|Taxi rank
Berowra Station,208110,151.1529711,-33.6236572,Coach1131,02 9847 8496,"Pacific Hwy, Berowra",2001|2002|2003|2004|2006|2015|2008|2009|2010,3001|3003|3005|3006|3008|3009|3011|3017,Train|Bus
Berry Station,253510,150.6969659,-34.78033267,Coach1388,02 4464 1022,"Station Rd, Berry",2002|2003|2004|2006|2017|2008|2009|2010,3001|3003|3004|3009|3011,Train|Bus|Taxi rank
Beverly Hills Station,220910,151.0816922,-33.94884857,Coach1413,02 9563 7650,"Morgan St, Beverly Hills",2003|2004|2005|2006|2015|2008|2011|2013,3001|3003|3005|3006|3008|3009|3011,Train|Bus|Taxi rank
Bexley North Station,220720,151.1133973,-33.93756601,Coach1411,02 9563 7613,"Kingsgrove Ave, Bexley North",2003|2004|2005|2006|2015|2008,3003|3008|3010|3011,Train|Bus
Birrong Station,214320,151.0240413,-33.8932786,Coach1403,02 9379 7727,"Rodd St, Birrong",2003|2004|2005|2006|2015|2008|2009|2011,3003|3008|3009|3010|3011,Train
Blackheath Station,278510,150.284345,-33.63288104,Coach1270,02 4780 3992 ,"Railway Pde, Blackheath",2001|2002|2003|2004|2005|2006|2017|2008|2009|2010,3004|3008|3009|3010|3011,Train|Bus|Taxi rank
Blacktown Station,214810,150.9075105,-33.76822903,Coach1235,02 9851 7212,"Main St, Blacktown",2001|2002|2016|2003|2004|2005|2006|2015|2008|2009|2010|2011,3001|3002|3003|3005|3006|3008|3009|3011,Train|Bus|Taxi rank
Blaxland Station,277410,150.6095957,-33.74357659,Coach1256,02 4739 1620,"Station St, Blaxland",2001|2002|2003|2004|2006|2015|2008|2009|2010|2011,3001|3003|3005|3008|3009|3011|3017,Train|Bus|Taxi rank
Bomaderry Station,254110,150.6098088,-34.85377666,Coach1389,02 4423 0141,"Meroo St, Bomaderry",2001|2002|2003|2004|2006|2015|2008|2009|2011|2013,3001|3003|3009|3011,Train|Bus|Taxi rank
Bombo Station,253320,150.8539755,-34.6580285,Coach1385,02 4223 5613,"Princes Hwy, Bombo",2003|2004|2006|2017|2009,3001|3008|3009|3011,Train|Taxi rank
Bondi Junction Station,202210,151.2483843,-33.89120228,Coach1109,02 9379 4843,"Grafton St, Bondi Junction",2001|2002|2003|2004|2006|2015|2008|2009|2010|2012|2013,3001|3002|3003|3005|3006|3008|3009|3011,Train|Bus|Taxi rank
Booragul Station,228410,151.6046902,-32.97142254,Coach1152,02 4962 9437,"Station St, Booragul",2004|2017|2009,3008|3010|3011|3016,Train
Bowral Station,257610,150.4166585,-34.47812317,Coach1306,02 4861 2045,"Station St, Bowral",2002|2003|2004|2005|2006|2015|2008|2009|2011|2013,3001|3003|3005|3008|3009|3011,Train|Bus|Taxi rank
Branxton Station,233510,151.3456449,-32.66225215,Coach1189,02 6543 1018,"Railway St, Branxton",2003|2004|2017,3008|3010|3011|3020,Train
Broadmeadow Station,229210,151.734686,-32.92301689,Coach1160,02 4962 9122,"Graham Rd, Broadmeadow",2002|2003|2004|2005|2006|2015|2008|2009|2010|2011,3003|3008|3010|3011|3017,Train|Coach|Bus|Taxi rank
Bullaburra Station,278410,150.4146074,-33.72360616,Coach1265,02 4759 1052,"Great Western Hwy, Bullaburra",2003|2004|2006|2017,3008|3010|3011|3017,Train|Bus
Bulli Station,251610,150.9147439,-34.33448098,Coach1365,02 4223 5577,"Railway St, Bulli",2002|2003|2004|2005|2006|2017|2008|2009|2010|2011,3001|3005|3011,Train|Bus|Taxi rank
Bundanoon Station,257810,150.2987371,-34.65613474,Coach1310,02 4868 1115,"Railway Ave, Bundanoon",2003|2004|2017|2008|2009|2011,3004|3010|3011,Train|Bus
Burradoo Station,257620,150.3983388,-34.49401919,Coach1307,02 4861 2045,"Station St, Burradoo",2004|2006|2017|2009,3004|3010|3011|3015,Train
Burwood Station,213410,151.1047622,-33.87731465,Coach1207,02 9752 8734,"Railway Pde, Burwood",2004|2005|2006|2015|2008|2011,3001|3003|3005|3006|3008|3009|3011,Train|Bus|Taxi rank
Cabramatta Station,216620,150.9388206,-33.89486655,Coach1287,02 9765 1234,"Railway Pde, Cabramatta",2003|2004|2005|2006|2015|2008|2009|2011|2013,3001|3003|3005|3006|3009|3011,Train|Bus|Taxi rank
Camellia Station,214210,151.0243009,-33.81873435,Coach1222,02 9848 9212,"Grand Ave, North Camellia",2003|2004|2005|2006|2017|2010,3003|3004|3010|3011,Train
Campbelltown Station,256020,150.813929,-34.06383549,Coach1296,02 4629 0721,"Hurley St, Campbelltown",2001|2002|2016|2003|2004|2005|2006|2015|2008|2009|2011,3001|3003|3005|3006|3008|3009|3011,Train|Bus|Taxi rank
Campsie Station,219410,151.1026308,-33.91048116,Coach1396,02 9718 3020,"Beamish St, Campsie",2002|2003|2004|2005|2006|2015|2008|2009|2011,3001|3003|3005|3006|3008|3009|3011,Train|Bus|Taxi rank
Canley Vale Station,216610,150.943987,-33.88679793,Coach1286,02 9765 1102,"Railway Pde, Canley Vale",2003|2004|2005|2015|2008|2009,3006|3008|3010|3011,Train|Bus
Canterbury Station,219320,151.1182133,-33.91167214,Coach1395,02 9563 7678,"Canterbury Rd, Canterbury",2001|2002|2004|2005|2006|2015|2008,3003|3008|3009|3010|3011,Train|Bus
Cardiff Station,228520,151.6629801,-32.94182388,Coach1157,02 4962 9437,"Main Rd, Cardiff",2002|2003|2004|2005|2006|2015|2009|2011,3001|3003|3005|3008|3009|3011,Train|Bus|Taxi rank
Caringbah Station,222910,151.1227476,-34.04161039,Coach1349,02 9522 1249,"The Kingsway, Caringbah",2004|2006|2015|2008|2011,3001|3003|3005|3006|3008|3009|3011,Train|Bus|Taxi rank
Carlingford Station,211810,151.0470507,-33.78220108,Coach1226,02 9848 9025,"Lloyds Ave, Carlingford",2003|2004|2005|2006|2017|2008|2009|2011,3001|3003|3009|3011,Train|Bus
Carlton Station,221810,151.1243369,-33.96826632,Coach1337,02 9563 7612,"Railway Pde, Carlton",2004|2005|2006|2015|2008|2009|2011,3001|3003|3005|3006|3008|3009|3011,Train|Bus|Taxi rank
Carramar Station,216330,150.9615486,-33.88431779,Coach1408,02 9765 1168,"Wattle Ave, Carramar",2003|2004|2005|2006|2015|2008|2009,3003|3008|3009|3010|3011,Train
Casula Station,217030,150.911946,-33.94981838,Coach1290,02 9765 1655,"Rushton Pl, Casula",2003|2004|2017|2009,3001|3005|3006|3008|3009|3011,Train
Central Station,200060,151.2058293,-33.88388163,Coach1100,02 9379 1777,"Eddy Ave, Haymarket",2004|2005|2006|2015|2008|2009|2010|2012|2013,3001|3002|3003|3005|3006|3008|3009|3011,Train|Bus|Light Rail|Taxi rank
Chatswood Station,206710,151.1808207,-33.79713406,Coach1117,02 9379 3311,"Cnr Railway St & Victoria Ave, Chatswood",2001|2002|2004|2005|2006|2015|2008|2010|2012|2013,3001|3002|3003|3005|3006|3008|3009|3011,Train|Bus|Taxi rank
Cheltenham Station,211920,151.0788513,-33.75586837,Coach1198,02 9847 8417,"Sutherland Rd, Cheltenham",2002|2003|2004|2005|2006|2015|2008|2009,3003|3008|3009|3010|3011,Train
Chester Hill Station,216220,150.9994456,-33.8835435,Coach1405,02 9379 7703,"Chester Hill Rd, Chester Hill",2002|2004|2005|2006|2015|2008,3003|3008|3010|3011,Train|Bus|Taxi rank
Circular Quay,200020,151.2103898,-33.86132358,Coach1103,02 9224 3553,"Alfred St, Sydney",2004|2005|2006|2015|2008|2010|2012,3001|3002|3003|3005|3006|3008|3009|3011,Train|Bus|Ferry|Taxi rank
Clarendon Station,275630,150.7885628,-33.60895245,Coach1243,02 9851 7249,"Racecourse Rd, Clarendon",2003|2004|2005|2006|2017|2008|2009|2010|2011,3003|3004|3006|3008|3010|3011,Train
Clyde Station,214230,151.0174895,-33.83628176,Coach1220,02 9848 9212,"Berry St, Clyde",2004|2005|2006|2015|2008,3003|3005|3006|3008|3010|3011,Train
Coalcliff Station,250850,150.9772427,-34.24225043,Coach1359,02 4223 5569,"Lawrence Hargrave Dr, Coalcliff",2003|2004|2006|2017|2008,3008|3010|3011,Train|Bus
Cockle Creek Station,228430,151.6233813,-32.94270992,Coach1155,02 4962 9437,"Lake Rd, Cockle Creek",2003|2004|2017,3008|3010|3011|3016,Train|Bus
Coledale Station,251530,150.9433353,-34.28938913,Coach1423,02 4223 5573,"Cater St, Coledale",2003|2004|2017|2008,3008|3010|3011|3017,Train|Taxi rank
Como Station,222610,151.0679988,-34.00426616,Coach1343,02 9522 1244,"Como Pde, Como",2001|2002|2003|2004|2006|2015|2008|2009,3003|3008|3009|3010|3011,Train
Concord West Station,213810,151.0856262,-33.84873998,Coach1204,02 9752 8421,"Queen St, Concord West",2004|2005|2006|2015|2008|2009|2010|2011|2013,3001|3003|3005|3008|3011,Train
Coniston Station,250030,150.8855292,-34.43745489,Coach1373,02 4223 5529,"Gladstone Ave, Coniston",2001|2002|2003|2004|2006|2017|2008|2009|2010,3010|3011,Train|Bus|Taxi rank
Corrimal Station,251820,150.9049716,-34.37572692,Coach1368,02 4223 5580,"Murray Rd, Corrimal",2001|2002|2003|2004|2005|2006|2017|2008|2009|2010,3001|3004|3009|3011,Train|Taxi rank
Cowan Station,208120,151.1717177,-33.59310763,Coach1132,02 9847 8496,"Pacific Hwy, Cowan",2003|2004|2006|2017|2008,3001|3004|3009|3011|3016,Train
Cringila Station,250520,150.8784228,-34.46717554,Coach1375,02 4223 5694,"Five Islands Rd, Cringila",2002|2003|2004|2006|2017|2008,3008|3010|3011,Train|Bus
Cronulla Station,223020,151.1515424,-34.05625171,Coach1351,02 9522 1245,"Cronulla St, Cronulla",2002|2003|2004|2005|2006|2015|2008|2009|2010|2011|2013,3001|3006|3009|3011,Train|Bus|Ferry|Taxi rank
Croydon Station,213210,151.1154882,-33.88323425,Coach1208,02 9752 8529,"Meta St, Croydon",2004|2005|2006|2015|2008|2011|2013,3003|3008|3009|3010|3011,Train
Dapto Station,253020,150.7923283,-34.49209044,Coach1425,02 4223 5544,"Station St, Dapto",2001|2002|2003|2004|2005|2006|2015|2008|2009|2011,3003|3004|3009|3010|3011,Train|Bus|Taxi rank
Denistone Station,211410,151.0875503,-33.79990618,Coach1200,02 9752 8461,"West Pde, Denistone",2003|2004|2006|2015|2008,3008|3009|3010|3011,Train
Domestic Airport Station,202020,151.1807857,-33.93365963,Coach1331,02 8337 8450,"Keith Smith Ave, Domestic Airport, Mascot",2004|2005|2006|2015|2008|2009|2010|2011|2013,3001|3002|3003|3005|3006|3008|3009|3011,Train|Bus|Taxi rank
Doonside Station,276710,150.8683521,-33.76398502,Coach1246,02 9851 7218,"Doonside Cr, Doonside",2002|2003|2004|2005|2006|2015|2008|2013,3003|3008|3009|3010|3011,Train|Bus|Taxi rank
Dora Creek Station,226420,151.5011621,-33.08318747,Coach1149,02 4349 9241,"Wamsley St, Dora Creek",2003|2004|2017,3008|3010|3011|3017,Train|Bus
Douglas Park Station,256910,150.7099378,-34.18322665,Coach1300,02 4677 1402,"Camden Rd, Douglas Park",2003|2004|2006|2017,3004|3010|3011|3015,Train
Dulwich Hill Station,220310,151.1409894,-33.91110223,Coach1393,02 9563 7595,"Wardell Rd, Dulwich Hill",2003|2004|2005|2006|2015|2008|2009|2010,3008|3010|3011,Train|Bus|Light Rail
Dundas Station,211720,151.0331967,-33.80389397,Coach1224,02 9637 1520,"Station St, Dundas",2003|2004|2005|2006|2017|2009,3001|3003|3004|3009|3011,Train|Bus
Dungog Station,242010,151.7595395,-32.4022901,Coach1186,02 4992 3178,"Brown St, Dungog",2003|2004|2005|2006|2017|2008,3001|3004|3006|3008|3011,Train|Bus
East Hills Station,221320,150.9848973,-33.96160677,Coach1419,02 9563 7774,"Park Rd, East Hills",2001|2002|2003|2004|2005|2006|2015|2008|2009,3003|3006|3008|3009|3010|3011,Train|Bus
East Maitland Station,232330,151.5874213,-32.74487523,Coach1176,02 4933 7256,"Melbourne St, East Maitland",2003|2004|2017|2008,3008|3010|3011,Train
East Richmond Station,275310,150.759234,-33.60179614,Coach1244,02 9851 7248,"Bourke St, East Richmond",2002|2004|2005|2017|2008|2011|2013,3001|3003|3004|3006|3009|3011,Train|Bus
Eastwood Station,212210,151.0822335,-33.7900214,Coach1199,02 9752 8493,"West Pde, Eastwood",2002|2003|2004|2005|2006|2015|2008|2009|2010|2011|2013,3001|3003|3005|3006|3008|3009|3011,Train|Bus|Taxi rank
Edgecliff Station,202710,151.2361614,-33.87925148,Coach1108,02 9379 4652,"New South Head Rd, Edgecliff",2004|2005|2006|2015|2008|2012|2013,3002|3003|3006|3008|3010|3011,Train|Bus|Taxi rank
Edmondson Park Station,217426,150.8587,-33.9693,Coach1447,02 9765 1451 ,"Soldiers Pde, Edmondson Park",2002|2003|2004|2005|2006|2015|2008|2009|2011|2013,3001|3003|3005|3006|3008|3009|3011,Train|Bus|Taxi rank
Emu Plains Station,275020,150.6722867,-33.74556778,Coach1253,02 4735 2506,"Station St, Emu Plains",2001|2002|2003|2004|2005|2006|2015|2008|2009|2011|2013,3001|3003|3005|3006|3008|3009|3011|3017,Train|Bus
Engadine Station,223310,151.0146529,-34.06789901,Coach1353,02 9522 1224,"Princes Hwy, Engadine",2001|2002|2003|2004|2005|2006|2015|2008|2009|2010|2011,3001|3003|3005|3006|3008|3009|3011,Train|Bus|Taxi rank
Epping Station,212110,151.0821766,-33.77284145,Coach1429,02 8878 4100,"Beecroft Rd, Epping",2001|2002|2003|2004|2005|2006|2015|2008|2009|2010|2012|2013,3001|3002|3003|3005|3006|3008|3009|3011,Train|Bus|Taxi rank
Erskineville Station,204310,151.1853076,-33.9008581,Coach1324,02 9563 7579,"Swanson St, Erskineville",2004|2005|2006|2015|2008|2011|2013,3003|3008|3010|3011,Train|Bus
Exeter Station,257930,150.3173447,-34.61377487,Coach1309,02 4868 1115,"Middle Rd, Exeter",2004|2017|2008|2009,3004|3010|3011|3015,Train|Bus
Fairfield Station,216510,150.9570711,-33.87233065,Coach1285,02 9765 1641,"The Crescent, Fairfield",2002|2003|2004|2005|2006|2015|2008|2011,3001|3003|3005|3006|3008|3009|3011,Train|Bus|Taxi rank
Fairy Meadow Station,251910,150.8961702,-34.39583411,Coach1370,02 4223 5852,"Elliots Rd, Fairy Meadow",2001|2002|2003|2004|2005|2006|2017|2008|2009,3004|3008|3009|3010|3011,Train|Taxi rank
Fassifern Station,228330,151.5812509,-32.9857882,Coach1151,02 4985 7209,"Tucker Close, Fassifern",2002|2003|2004|2005|2006|2015|2008|2009|2010,3001|3003|3005|3008|3009|3011,Train|Bus
Faulconbridge Station,277610,150.5350339,-33.69648835,Coach1260,02 4780 3906,"Great Western Hwy, Faulconbridge",2003|2004|2005|2017|2008|2009,3003|3008|3010|3011|3017,Train|Bus
Flemington Station,214020,151.0697665,-33.86482229,Coach1217,02 9752 8477,"The Crescent, Flemington",2004|2005|2006|2015|2008,3003|3008|3010|3011,Train|Bus|Taxi rank
Gerringong Station,253420,150.8175078,-34.74488594,Coach1387,02 4234 1422,"Grey St, Gerringong",2002|2003|2004|2006|2017|2008|2009|2010,3001|3009|3011,Train|Taxi rank
Glenbrook Station,277310,150.6208342,-33.76900437,Coach1255,02 4739 1753,"Burfitt Pde, Glenbrook",2001|2002|2003|2004|2005|2006|2015|2008,3003|3008|3010|3011|3017,Train|Bus
Glenfield Station,216710,150.8928072,-33.97236827,Coach1291,02 9765 1162,"Railway Pde, Glenfield",2001|2002|2003|2004|2005|2006|2015|2008|2009|2010|2011|2013,3001|3003|3005|3006|3008|3009|3011,Train|Bus|Taxi rank
Gordon Station,207210,151.154528,-33.75600864,Coach1121,02 9847 8458,"St Johns Ave, Gordon",2002|2003|2004|2005|2006|2015|2008|2009|2010|2011,3001|3003|3005|3006|3008|3009|3011,Train|Bus|Taxi rank
Gosford Station,225040,151.3417109,-33.42388261,Coach1139,02 4349 9260,"Mann St, Gosford",2001|2002|2003|2004|2005|2006|2015|2008|2009|2010|2011|2013,3001|3003|3005|3008|3009|3011,Train|Bus|Taxi rank
Goulburn Station,258010,149.7192744,-34.75846191,Coach1315,02 4828 5816,"Sloane St, Goulburn",2003|2004|2005|2006|2017|2008|2011,3008|3010|3011,Train|Bus|Taxi rank
Granville Station,214240,151.0124947,-33.83317598,Coach1227,02 9848 9388,"Bridge St, Granville",2001|2002|2003|2004|2005|2006|2015|2008|2009|2010|2011|2013,3001|3003|3005|3006|3008|3009|3011,Train|Bus|Taxi rank
Green Square Station,201710,151.2024745,-33.90606259,Coach1329,02 8337 8430,"Cnr Botany Rd & O'Riordan St, Alexandria",2004|2005|2006|2015|2008|2010|2011|2013,3001|3002|3003|3005|3006|3008|3009|3011,Train|Bus|Taxi rank
Greta Station,233410,151.3840895,-32.68662215,Coach1188,02 6543 1018,"Nelson St, Greta",2004|2017,3008|3010|3011|3020,Train
Guildford Station,216110,150.984361,-33.8545057,Coach1283,02 9848 9287,"Military Rd, Guildford",2002|2003|2004|2005|2015|2008|2009|2011,3001|3003|3005|3006|3008|3009|3011,Train|Bus|Taxi rank
Gymea Station,222710,151.0854766,-34.03489294,Coach1347,02 9522 1288,"Gymea Bay Rd, South Gymea",2003|2004|2005|2006|2015|2008|2009|2010|2011,3001|3003|3005|3008|3009|3011,Train|Bus|Taxi rank
Hamilton Station,230310,151.7488722,-32.91871348,Coach1161,02 4962 9365,"Beaumont St, Hamilton",2004|2005|2006|2015|2008,3001|3003|3004|3008|3009|3011|3017,Train|Bus|Taxi rank
Harris Park Station,215010,151.0076387,-33.82326002,Coach1228,02 9848 9386,"Station St, Harris Park",2004|2005|2006|2015|2008|2011|2013,3003|3008|3010|3011,Train
Hawkesbury River Station,208310,151.2265104,-33.54678835,Coach1133,02 9985 7224,"Dangar Rd, Brooklyn",2004|2005|2017|2008,3003|3008|3009|3010|3011,Train|Bus|Ferry
Hazelbrook Station,277910,150.4546038,-33.72397351,Coach1263,02 4780 3913,"Railway Pde, Hazelbrook",2001|2003|2004|2006|2015|2008|2009|2010,3003|3008|3010|3011|3017,Train|Bus|Taxi rank
Heathcote Station,223320,151.0080024,-34.08823661,Coach1354,02 9522 1221,"Princes Hwy, Heathcote",2002|2003|2004|2005|2006|2015|2008|2009|2010,3003|3006|3009|3010|3011,Train|Taxi rank
Helensburgh Station,250810,150.9948249,-34.17686988,Coach1356,02 4223 5864,"Wilsons Creek Rd, Helensburgh",2001|2002|2003|2004|2005|2006|2015|2008|2009|2011|2013,3001|3003|3005|3008|3009|3011|3017,Train|Bus|Taxi rank
Hexham Station,232210,151.6844171,-32.82947029,Coach1170,02 4962 9944,"Pacific Hwy, Hexham",2003|2004|2017,3008|3010|3011|3020,Train
High Street Station,232010,151.5636893,-32.741449,Coach1177,02 4933 7902,"High St, Maitland",2003|2004|2005|2017,3008|3010|3011,Train|Bus
Hilldale Station,242040,151.6497678,-32.50450378,Coach1183,02 6543 1018,"Paterson Rd, Hilldale",2003|2004|2017,3010|3011|3020,Train
Holsworthy Station,217310,150.9568946,-33.96320957,Coach1420,02 9765 1166,"Macarthur Dr, Holsworthy",2001|2002|2003|2004|2005|2006|2015|2008|2009|2011,3001|3003|3005|3006|3008|3009|3011,Train|Bus|Taxi rank
Homebush Station,214010,151.0864413,-33.86673988,Coach1216,02 9752 8882,"The Crescent, Homebush",2004|2005|2006|2015|2008|2009,3003|3008|3010|3011,Train|Bus|Taxi rank
Hornsby Station,207720,151.098494,-33.70280124,Coach1127,02 9847 8428,"Station St, Hornsby",2001|2002|2003|2004|2005|2006|2015|2008|2009|2012,3001|3003|3005|3006|3008|3009|3011,Train|Bus|Taxi rank
Hurlstone Park Station,219310,151.1320925,-33.91042225,Coach1394,02 9563 7544,"Floss St, Hurlstone Park",2003|2004|2005|2006|2015|2008|2009,3003|3008|3010|3011,Train|Bus
Hurstville Station,222010,151.1027571,-33.96745356,Coach1339,02 9563 7568,"Ormonde Pde, Hurstville",2002|2004|2005|2006|2015|2008|2011,3001|3002|3003|3005|3006|3008|3009|3011,Train|Bus|Taxi rank
Ingleburn Station,256510,150.8649205,-33.9970797,Coach1293,02 4629 0845,"Stanley Rd, Ingleburn",2001|2002|2003|2004|2005|2006|2015|2008|2009|2011,3001|3003|3005|3006|3008|3009|3011,Train|Bus|Taxi rank
International Airport Station,202030,151.1658913,-33.93498823,Coach1332,02 8337 8460,"Qantas Dr, International Airport, Mascot",2004|2005|2006|2015|2008|2009|2010|2011|2013,3001|3002|3003|3005|3006|3008|3009|3011,Train|Bus|Taxi rank
Jannali Station,222620,151.0646645,-34.01612866,Coach1344,02 9522 1283,"Cnr Jannali Ave & Mitchell Ave, Jannali",2001|2002|2003|2004|2005|2006|2015|2008|2009|2010,3003|3008|3009|3010|3011,Train|Bus|Taxi rank
Katoomba Station,278020,150.3111602,-33.71157344,Coach1268,02 4782 1902,"Goldsmith Pl, Katoomba",2001|2002|2003|2004|2005|2006|2015|2008|2009|2010|2011|2013,3001|3003|3005|3008|3009|3011,Train|Bus|Taxi rank
Kembla Grange Station,253010,150.8173407,-34.47021836,Coach1379,02 4223 5488,"Grange St, Kembla Grange",2003|2004|2005|2006|2017,3010|3011|3016,Train
Kiama Station,253330,150.8546947,-34.67251778,Coach1386,02 4223 5613,"Railway Pde, Kiama",2001|2002|2003|2004|2005|2006|2015|2008|2009|2010|2011|2013,3001|3003|3005|3008|3009|3011,Train|Bus|Taxi rank
Killara Station,207110,151.1616474,-33.76540899,Coach1120,02 9847 8440,"Culworth Ave, Killara",2003|2004|2005|2006|2015|2008|2009,3003|3008|3010|3011,Train|Bus
Kings Cross Station,201110,151.2223342,-33.87454091,Coach1107,02 9379 1204,"Victoria St, Kings Cross",2004|2005|2006|2015,3001|3002|3005|3006|3008|3009|3011,Train|Bus|Taxi rank
Kingsgrove Station,220810,151.Light Rail839,-33.94063602,Coach1412,02 9563 7623,"Mashman Ave, Kingsgrove",2001|2002|2003|2004|2005|2006|2015|2008|2012,3001|3003|3005|3006|3008|3009|3011,Train|Bus|Taxi rank
Kingswood Station,274720,150.7198236,-33.7582512,Coach1251,02 4780 3814,"Great Western Hwy, Kingswood",2001|2002|2003|2004|2005|2015|2008|2009|2011|2013,3003|3006|3008|3010|3011,Train|Bus|Taxi rank
Kirrawee Station,223230,151.0713153,-34.03501535,Coach1346,02 9522 1281,"Oak Rd, Kirrawee",2004|2005|2006|2015|2008|2010|2011,3001|3003|3005|3006|3008|3009|3011,Train|Taxi rank
Kogarah Station,221710,151.1326415,-33.96214931,Coach1336,02 9563 7273,"Railway Pde, Kogarah",2001|2002|2003|2004|2005|2006|2015|2008|2009|2011,3001|3002|3003|3005|3006|3008|3009|3011,Train|Bus|Taxi rank
Koolewong Station,225620,151.318655,-33.46697442,Coach1136,02 4349 9230,"Brisbane Water Dr, Koolewong",2003|2004|2005|2006|2017|2008|2011,3004|3010|3011|3014,Train|Bus
Kotara Station,228910,151.6984933,-32.94139627,Coach1158,02 4962 9437,"Park Ave, Kotara",2004|2017,3008|3010|3011|3016,Train|Bus
Lakemba Station,219510,151.0759555,-33.92012699,Coach1398,02 9563 7549,"The Boulevarde, Lakemba",2003|2004|2005|2006|2015|2008|2009|2011,3001|3003|3005|3006|3008|3009|3011,Train|Bus|Taxi rank
Lapstone Station,275030,150.6427966,-33.77369788,Coach1254,02 4780 3813,"Explorers Rd, Lapstone",2003|2004|2006|2017|2008|2009,3008|3010|3011|3017,Train
Lawson Station,278310,150.4298244,-33.71914485,Coach1264,02 4759 1052,"Loftus St, Lawson",2003|2004|2006|2017|2008|2009|2010,3008|3010|3011|3017,Train|Bus|Taxi rank
Leightonfield Station,216310,150.9849671,-33.8815017,Coach1406,02 9379 7704,"Christine Rd, Leightonfield",2003|2004|2005|2006|2017|2008,3008|3009|3010|3011,Train|Bus
Leppington Station,217933,150.8081,-33.9544,Coach1448,02 9765 1444,"Rickard Rd, Leppington",2002|2003|2004|2005|2006|2015|2008|2009|2011|2013,3001|3003|3005|3006|3008|3009|3011,Train|Bus|Taxi rank
Leumeah Station,256010,150.8300507,-34.0511705,Coach1295,02 4629 0847,"O'Sullivan Rd, Leumeah",2001|2002|2003|2004|2005|2006|2015|2008|2009,3001|3003|3005|3006|3008|3009|3011,Train|Bus|Taxi rank
Leura Station,278010,150.3302704,-33.71172185,Coach1267,02 4780 3933,"Railway Pde, Leura",2003|2004|2006|2015|2008,3008|3010|3011|3017,Train|Bus|Taxi rank
Lewisham Station,204920,151.1472725,-33.89327853,Coach1211,02 9752 8029,"Cnr Railway Tce & Victoria St, Lewisham",2004|2005|2006|2015|2008,3003|3008|3009|3010|3011,Train|Bus
Lidcombe Station,214110,151.0453895,-33.86388935,Coach1218,02 9752 8432,"Railway Pde, Lidcombe",2001|2002|2003|2004|2005|2006|2015|2008|2009|2011,3001|3003|3005|3006|3008|3009|3011,Train|Bus|Taxi rank
Linden Station,277820,150.5052641,-33.71500231,Coach1261,02 4751 1018,"Great Western Hwy, Linden",2004|2017,3004|3008|3010|3011|3016,Train|Bus
Lindfield Station,207010,151.1691106,-33.77518546,Coach1119,02 9847 8402,"Lindfield Ave, Lindfield",2002|2004|2005|2006|2015|2008|2011|2013,3001|3003|3005|3006|3008|3009|3011,Train|Bus|Taxi rank
Lisarow Station,225070,151.3698171,-33.38231099,Coach1142,02 4352 1450,"Pacific Hwy, Lisarow",2002|2003|2004|2006|2017,3008|3010|3011|3016,Train|Bus
Lithgow Station,279010,150.1574494,-33.48050099,Coach1274,02 6354 9507,"Main St, Lithgow",2002|2003|2004|2005|2006|2015|2008|2009|2010,3001|3003|3005|3008|3009|3011,Train|Coach|Bus|Taxi rank
Liverpool Station,217020,150.9270542,-33.92510969,Coach1289,02 9765 1655,"Bigge St, Liverpool",2001|2002|2003|2004|2005|2006|2015|2008|2009|2012|2013,3001|3002|3003|3005|3006|3008|3009|3011,Train|Bus|Taxi rank
Lochinvar Station,232110,151.4490865,-32.72072004,Coach1187,02 6543 1018,"Station Lane, Lochinvar",2003|2004|2005|2006|2017|2009,3001|3004|3009|3011|3020,Train
Loftus Station,223220,151.05132,-34.04513834,Coach1352,02 9522 1213,"Loftus Ave, Loftus",2002|2003|2004|2005|2006|2015|2008|2009|2010,3003|3009|3010|3011,Train|Bus
Lysaghts Station,250510,150.8760944,-34.45484317,Coach1374,02 4223 5685,"Springhill Rd, Cringila",2004|2017,3008|3010|3011|3017,Train
Macarthur Station,256030,150.7967371,-34.07207332,Coach1297,02 4629 0800,"Menangle Rd, Campbelltown",2001|2002|2003|2004|2005|2006|2015|2008|2009|2011|2013,3001|3003|3005|3006|3008|3009|3011,Train|Bus|Taxi rank
Macdonaldtown Station,201520,151.1862916,-33.89666002,Coach1215,02 9379 1321,"Burren St, Macdonaldtown",2004|2005|2006|2015|2010,3003|3008|3010|3011,Train
Macquarie Fields Station,256410,150.8788965,-33.98480719,Coach1292,02 9765 1163,"Railway Pde, Macquarie Fields",2001|2002|2003|2004|2005|2006|2015|2008|2009,3008|3009|3010|3011,Train|Bus
Macquarie Park Station,211340,151.1286414,-33.78501276,Coach1427,02 8878 4326,"Cnr Lane Cove Rd & Waterloo Rd, Macquarie Park",2001|2004|2005|2006|2015|2008|2012|2013,3001|3002|3003|3005|3006|3008|3009|3011,Train|Bus
Macquarie University Station,211310,151.1181871,-33.77741329,Coach1426,02 8878 4110,"Cnr Waterloo Rd & Herring Rd, Macquarie Park",2001|2004|2005|2006|2015|2008|2010|2012|2013,3001|3002|3003|3005|3006|3008|3009|3011,Train|Bus|Taxi rank
Maitland Station,232020,151.5520999,-32.73803543,Coach1178,02 4933 6666,"Church St, Maitland",2001|2002|2003|2004|2005|2006|2015|2008|2009|2011,3001|3003|3005|3008|3009|3011,Train|Bus|Taxi rank
Marayong Station,214820,150.9001991,-33.74645111,Coach1236,02 9851 7241,"Railway Pde, Marayong",2001|2002|2003|2004|2005|2006|2015|2008|2009|2011|2013,3001|3003|3005|3006|3008|3009|3011,Train
Marrickville Station,220410,151.1540328,-33.91409037,Coach1392,02 9563 7586,"Illawarra Rd, Marrickville",2004|2005|2006|2015|2008,3001|3003|3005|3006|3008|3011,Train|Bus|Taxi rank
Martin Place Station,200030,151.2115912,-33.86787091,Coach1106,02 9379 4858,"Macquarie St, Sydney",2004|2005|2006|2015|2008|2012|2013,3001|3002|3003|3005|3006|3008|3009|3011,Train|Bus
Martins Creek Station,242050,151.618509,-32.55868695,Coach1182,02 4932 8409,"Martins Creek Rd, Martins Creek",2003|2004|2006|2017,3001|3009|3011|3020,Train
Marulan Station,257940,150.0064192,-34.70950062,Coach1314,02 4868 1115,"George St, Marulan",2003|2004|2017|2008|2009|2011,3004|3010|3011|3015,Train
Mascot Station,202010,151.1872531,-33.92318797,Coach1330,02 8337 8440,"Cnr Bourke Rd & Church Ave, Mascot",2004|2005|2006|2015|2008|2011|2013,3001|3002|3003|3005|3006|3008|3009|3011,Train|Taxi rank
Meadowbank Station,211430,151.0900609,-33.81623815,Coach1202,02 9752 8460,"Constitution Rd, Meadowbank",2001|2002|2003|2004|2005|2006|2015|2008|2010|2011,3001|3003|3005|3006|3008|3009|3011,Train|Bus|Ferry|Taxi rank
Medlow Bath Station,278030,150.2807859,-33.67387612,Coach1269,02 4782 1902,"Great Western Hwy, Medlow Bath",2004|2006|2017,3004|3008|3010|3011|3017,Train
Menangle Station,256810,150.7444307,-34.12520137,Coach1299,02 4677 1402,"Station St, Menangle",2003|2004|2006|2017,3004|3010|3011|3015,Train
Menangle Park Station,256310,150.7449558,-34.1037012,Coach1298,02 4677 1402,"Racecourse Dr, Menangle Park",2003|2004|2006|2017,3004|3010|3011|3015,Train
Merrylands Station,216010,150.9928633,-33.8363502,Coach1282,02 9848 9239,"Railway Tce, Merrylands",2001|2002|2003|2004|2005|2015|2008|2009|2011,3001|3003|3005|3006|3008|3009|3011,Train|Bus|Taxi rank
Metford Station,232310,151.6178682,-32.76487575,Coach1174,02 4933 7902,"Ferraby Dr, Metford",2002|2003|2004|2006|2017|2009,3001|3005|3008|3009|3011,Train|Bus
Milsons Point Station,206110,151.211825,-33.84589277,Coach1111,02 9379 4024,"Alfred St, Milsons Point",2004|2005|2006|2015|2008|2009,3001|3005|3006|3008|3009|3011,Train|Bus|Ferry|Taxi rank
Mindaribba Station,232050,151.5843137,-32.66932312,Coach1180,02 4932 8409,"Tocal Rd, Mindaribba",2004|2017,3010|3011|3020,Train
Minnamurra Station,253310,150.8522575,-34.62569976,Coach1384,02 4223 5613,"North St, Minnamurra",2001|2002|2004|2017,3001|3009|3011,Train|Bus
Minto Station,256610,150.8425967,-34.02714972,Coach1294,02 4629 0842,"Somerset St, Minto",2001|2002|2003|2004|2005|2006|2015|2008|2009|2011,3001|3003|3005|3006|3008|3009|3011,Train|Bus|Taxi rank
Miranda Station,222810,151.1028535,-34.03635478,Coach1348,02 9522 1295,"Kiora Rd, South Miranda",2001|2002|2003|2004|2005|2006|2015|2008|2010|2012,3001|3003|3005|3006|3008|3009|3011,Train|Bus|Taxi rank
Mittagong Station,257510,150.4476899,-34.45270638,Coach1305,02 4871 1935,"Regents St, Mittagong",2002|2003|2004|2005|2006|2017|2008|2009,3003|3008|3009|3010|3011,Train|Bus
Morisset Station,226410,151.4877339,-33.10924629,Coach1148,02 4349 9241,"Dora St, Morisset",2001|2002|2003|2004|2005|2006|2015|2008|2009|2011,3001|3003|3005|3008|3009|3011|3016,Train|Bus|Taxi rank
Mortdale Station,222310,151.0812881,-33.97058667,Coach1341,02 9563 7585,"Cnr Morts Rd & Pitt St, Mortdale",2002|2003|2004|2005|2006|2015|2008|2009|2011,3001|3003|3005|3006|3008|3009|3011,Train|Bus|Taxi rank
Moss Vale Station,257710,150.3719897,-34.54795977,Coach1308,02 4868 1115,"Bay St, Moss Vale",2002|2003|2004|2005|2006|2017|2008|2009|2011,3003|3008|3009|3010|3011,Train|Bus|Taxi rank
Mount Colah Station,207910,151.1144926,-33.67202205,Coach1129,02 9847 8476,"Pacific Hwy, Mount Colah",2004|2005|2006|2015|2008,3003|3008|3010|3011|3017,Train|Bus
Mount Druitt Station,277010,150.8197988,-33.76954233,Coach1248,02 9851 7501,"North Pde, Mount Druitt",2001|2002|2003|2004|2005|2006|2015|2008|2009|2011,3001|3002|3003|3005|3006|3008|3009|3011,Train|Bus|Taxi rank
Mount Kuring-gai Station,208010,151.1368223,-33.65300164,Coach1130,02 9847 8497,"Pacific Hwy, Mount Kuring-gai",2004|2006|2017|2008,3008|3010|3011|3017,Train|Bus|Taxi rank
Mount Victoria Station,278610,150.2569734,-33.5881116,Coach1271,02 4787 1227,"Darling Causeway, Mount Victoria",2003|2004|2006|2017|2008|2009,3003|3008|3010|3011,Train|Coach|Bus|Taxi rank
Mulgrave Station,275610,150.830637,-33.62668367,Coach1241,02 9851 7275,"Mulgrave Rd, Mulgrave",2002|2003|2004|2006|2017|2008|2009|2010|2011|2013,3003|3004|3006|3010|3011,Train
Museum Station,200040,151.2Coach64,-33.87569985,Coach1104,02 9379 1396,"Elizabeth St, Sydney",2004|2005|2006|2015|2008|2012,3001|3002|3003|3005|3008|3009|3011,Train|Bus|Taxi rank
Muswellbrook Station,233310,150.8903202,-32.26749261,Coach1191,02 6543 1018,"Market St, Muswellbrook",2003|2004|2006|2017|2008|2009,3001|3008|3009|3011,Train|Bus
Narara Station,2250772,151.3443079,-33.39478578,Coach1140,02 4352 1450,"Valley Dr, Narara",2001|2002|2003|2004|2005|2006|2015,3008|3010|3011|3016,Train|Bus
Narwee Station,220920,151.0697482,-33.94751814,Coach1414,02 9563 7770,"Hannans Rd, Narwee",2002|2003|2004|2005|2006|2015|2008,3003|3008|3010|3011,Train|Bus|Taxi rank
Newtown Station,204210,151.1799247,-33.89788301,Coach1214,02 9379 1790,"King St, Newtown",2002|2004|2015|2008|2012,3001|3003|3005|3008|3009|3011,Train|Bus
Niagara Park Station,225060,151.3542821,-33.38333131,Coach1141,02 4352 1450,"Kathleen Morreau Rd, Niagara Park",2002|2003|2004|2005|2006|2017,3003|3008|3010|3011|3016,Train|Bus
Normanhurst Station,207620,151.0972405,-33.72075274,Coach1194,02 9847 8423,"Denman Pde, Normanhurst",2004|2006|2015|2008|2010,3003|3006|3008|3010|3011,Train|Bus|Taxi rank
North Ryde Station,211320,151.1379398,-33.7944217,Coach1428,02 8878 4335,"Delhi Rd, North Ryde",2001|2004|2005|2006|2015|2008|2010|2012,3001|3002|3003|3005|3006|3008|3009|3011,Train|Bus
North Strathfield Station,213710,151.0879861,-33.85868801,Coach1205,02 9752 8462,"Queen St, North Strathfield",2001|2002|2004|2005|2006|2015|2008|2011|2013,3003|3008|3010|3011,Train|Bus
North Sydney Station,206010,151.2074102,-33.84120853,Coach1112,02 9379 4432,"Blue St, North Sydney",2004|2005|2006|2015|2008|2011|2013,3001|3002|3003|3005|3006|3008|3009|3011,Train|Bus|Taxi rank
North Wollongong Station,250010,150.8913492,-34.41259326,Coach1371,02 4223 5583,"Stafford St, North Wollongong",2002|2003|2004|2005|2006|2015|2008|2009|2011|2013,3001|3003|3005|3008|3009|3011,Train|Bus|Taxi rank
Oak Flats Station,252920,150.8209079,-34.57223075,Coach1382,02 4223 5656,"Stanford Dr, Oak Flats",2001|2002|2003|2004|2005|2006|2015|2008|2009|2011|2013,3001|3003|3008|3009|3011,Train|Bus|Taxi rank
Oatley Station,222320,151.0789651,-33.98084516,Coach1342,02 9522 1246,"Oatley Pde, Oatley",2002|2003|2004|2005|2006|2017|2008|2009|2011,3001|3003|3005|3006|3008|3009|3011,Train|Bus|Taxi rank
Olympic Park Station,212710,151.0695472,-33.84652013,Coach1424,02 9752 8557,"Murray Rose Ave, Olympic Park",2003|2004|2005|2006|2015|2008|2009|2010|2011,3001|3002|3003|3005|3006|3008|3009|3011,Train|Bus|Taxi rank
Otford Station,250830,151.0060039,-34.21020004,Coach1357,02 4223 5566,"Lady Carrington Rd, Otford",2003|2004|2006|2017|2008|2009,3003|3008|3009|3010|3011|3017,Train
Ourimbah Station,225810,151.3699892,-33.35960353,Coach1143,02 4349 9204,"Pacific Hwy, Ourimbah",2001|2002|2003|2004|2005|2006|2017|2008|2009|2011,3003|3008|3009|3010|3011|3016,Train|Bus
Padstow Station,221110,151.0325572,-33.95189202,Coach1416,02 9563 7653,"Howard Rd, Padstow",2001|2002|2003|2004|2005|2006|2015|2008|2009|2010|2011,3001|3003|3005|3006|3008|3009|3011,Train|Bus|Taxi rank
Panania Station,221310,150.9978261,-33.95431112,Coach1418,02 9563 7654,"Sherlock Ave, Panania",2002|2003|2004|2005|2006|2015|2008,3003|3008|3010|3011,Train|Bus|Taxi rank
Parramatta Station,215020,151.0055351,-33.81757926,Coach1229,02 9848 9387,"Argyle St, Parramatta",2001|2002|2016|2003|2004|2005|2006|2015|2008|2009|2011,3001|3002|3003|3005|3006|3008|3009|3011,Train|Bus|Ferry|Taxi rank
Paterson Station,242110,151.6146372,-32.60240094,Coach1181,02 4932 8409,"Railway St, Paterson",2003|2004|2006|2017,3004|3008|3010|3011|3020,Train
Pendle Hill Station,214530,150.9563427,-33.8013479,Coach1232,02 9851 7203,"Wentworth Ave, Pendle Hill",2002|2003|2004|2005|2006|2015|2008,3003|3008|3009|3010|3011,Train|Bus|Taxi rank
Pennant Hills Station,212020,151.0725297,-33.73793863,Coach1196,02 9847 8523,"Railway St, Pennant Hills",2001|2002|2004|2005|2006|2015|2008|2011,3001|3003|3005|3006|3008|3009|3011,Train|Bus|Taxi rank
Penrith Station,275010,150.6961348,-33.75005529,Coach1252,02 4780 3971,"Jane St, Penrith",2001|2002|2003|2004|2005|2006|2015|2008|2009|2010|2012|2013,3001|3003|3005|3006|3008|3009|3011,Train|Bus|Taxi rank
Penrose Station,257920,150.2117555,-34.67255107,Coach1311,02 4868 1115,"Highland Way, Penrose",2004|2017,3004|3010|3011|3015,Train
Penshurst Station,222210,151.0893865,-33.96612954,Coach1340,02 9563 7545,"Bridge St, Penshurst",2004|2005|2006|2015|2008|2011,3001|3003|3005|3006|3008|3009|3011,Train|Bus|Taxi rank
Petersham Station,204910,151.1551562,-33.8938594,Coach1212,02 9752 8426,"Trafalgar St, Petersham",2004|2006|2015|2008,3003|3006|3008|3009|3010|3011,Train|Bus|Taxi rank
Picton Station,257110,150.6126016,-34.17914657,Coach1301,02 4677 1402,"Station St, Picton",2002|2003|2004|2005|2006|2015|2008|2009|2011|2013,3001|3003|3005|3008|3009|3011,Train|Bus
Point Clare Station,225030,151.328556,-33.44577008,Coach1138,02 4325 7897,"Brisbane Water Dr, Point Clare",2001|2003|2004|2006|2017|2008,3003|3008|3010|3011|3016,Train|Bus
Port Kembla Station,250540,150.9019223,-34.47724493,Coach1377,02 4223 5685,"Old Port Kembla Rd, Port Kembla",2002|2003|2004|2005|2006|2017|2008|2009,3001|3009|3011,Train|Bus
Port Kembla North Station,250530,150.8880483,-34.47276667,Coach1376,02 4223 5685,"Flinders St, Port Kembla North",2004|2006|2017,3008|3010|3011,Train
Punchbowl Station,219610,151.055867,-33.92537752,Coach1400,02 9563 7684,"Punchbowl Rd, Punchbowl",2003|2004|2005|2006|2015|2008|2009,3003|3008|3010|3011,Train|Bus|Taxi rank
Pymble Station,207310,151.142138,-33.74472888,Coach1122,02 9847 8581,"Grandview St, Pymble",2003|2004|2005|2006|2015|2008,3003|3008|3010|3011,Train|Bus|Taxi rank
Quakers Hill Station,276310,150.886725,-33.72802483,Coach1237,02 9851 7243,"Railway Pde, Quakers Hill",2003|2004|2005|2006|2015|2008|2009|2010|2011|2013,3001|3003|3005|3006|3008|3009|3011,Train|Bus|Taxi rank
Redfern Station,201510,151.1984847,-33.8923699,Coach1421,02 9379 1398,"Cnr Lawson St & Gibbons St, Redfern",2004|2005|2006|2015|2008|2010,3002|3003|3008|3009|3010|3011|3018,Train|Bus|Taxi rank
Regents Park Station,214310,151.0241875,-33.88298889,Coach1391,02 9752 8815,"Park Rd, Regents Park",2001|2002|2003|2004|2005|2006|2015|2008|2009|2011,3001|3003|3005|3006|3008|3009|3011,Train|Bus|Taxi rank
Revesby Station,221210,151.0148384,-33.95246003,Coach1417,02 9563 7760,"Blamey St, Revesby",2001|2002|2003|2004|2005|2006|2015|2008|2009|2013,3001|3003|3005|3006|3008|3009|3011,Train|Bus|Taxi rank
Rhodes Station,213820,151.0870323,-33.83053036,Coach1203,02 9752 8467,"Walker St, Rhodes",2003|2004|2005|2006|2015|2008|2009|2010|2011|2013,3001|3003|3005|3006|3008|3009|3011,Train|Bus
Richmond Station,275320,150.753211,-33.59911164,Coach1245,02 9851 7247,"Market St, Richmond",2001|2002|2003|2004|2005|2006|2015|2008|2009|2011|2013,3001|3003|3006|3008|3009|3011,Train|Bus|Taxi rank
Riverstone Station,276510,150.8602679,-33.67904337,Coach1239,02 9851 7245,"Railway Tce, Riverstone",2001|2002|2003|2004|2005|2006|2015|2008|2009,3003|3004|3006|3010|3011,Train|Bus|Taxi rank
Riverwood Station,22Coach,151.0520353,-33.95153541,Coach1415,02 9563 7646,"William Rd, Riverwood",2003|2004|2005|2006|2015|2008|2009|2011,3001|3003|3005|3006|3008|3009|3011,Train|Bus|Taxi rank
Rockdale Station,221620,151.1368616,-33.95188027,Coach1335,02 9563 7574,"Geeves Ave, Rockdale",2001|2002|2003|2004|2005|2006|2015|2008|2009|2010|2011|2013,3001|3003|3005|3006|3008|3009|3011,Train|Bus|Taxi rank
Rooty Hill Station,276610,150.8450187,-33.77151173,Coach1247,02 9851 7208,"North Pde, Rooty Hill",2001|2002|2003|2004|2005|2006|2015|2008|2009|2010|2011|2013,3003|3008|3010|3011,Train|Bus|Taxi rank
Rosehill Station,214220,151.0220689,-33.82334612,Coach1221,02 9637 1520,"James Ruse Drv, Rosehill",2003|2004|2017,3004|3008|3010|3011,Train|Bus
Roseville Station,206910,151.177266,-33.78422026,Coach1118,02 9847 8461,"Hill St, Roseville",2002|2003|2004|2005|2006|2015|2008,3003|3008|3010|3011,Train|Bus|Taxi rank
Rydalmere Station,211610,151.0290977,-33.8Community Transport301,Coach1223,02 9848 9243,"Brodie St, Rydalmere",2003|2004|2005|2006|2017|2008|2009,3003|3008|3009|3010|3011,Train
Sandgate Station,230430,151.7026047,-32.87189652,Coach1169,02 4962 9495,"Astra St, Sandgate",2003|2004|2017,3008|3010|3011,Train
Scarborough Station,251510,150.9657909,-34.26498655,Coach1360,02 4223 5570,"Lawrence Hargrave Dr, Scarborough",2003|2004|2006|2017|2008,3008|3010|3011|3017,Train|Bus
Schofields Station,276220,150.8738169,-33.70447724,Coach1238,02 9851 7244,"Railway Tce, Schofields",2002|2003|2004|2006|2015|2008|2009|2010|2011,3001|3003|3005|3006|3009|3011,Train|Bus
Scone Station,233710,150.8669023,-32.04694089,Coach1193,02 6543 1018,"Susan St, Scone",2003|2004|2005|2017|2009,3001|3011,Train
Sefton Station,216210,151.0112833,-33.88523616,Coach1404,02 9379 7702,"Wellington Rd, Sefton",2003|2004|2005|2006|2015|2008|2009|2011|2013,3001|3003|3005|3006|3008|3009|3011,Train
Seven Hills Station,214710,150.9365134,-33.77443043,Coach1234,02 9851 7431,"The Centre, Terminus Rd, Seven Hills",2001|2002|2003|2004|2005|2006|2015|2008|2009|2012,3001|3003|3005|3006|3008|3009|3011,Train|Bus|Taxi rank
Shellharbour Junction,2529218,150.8447273,-34.59128255,Coach1446,,"Piper Dr, Dunmore",2002|2003|2004|2005|2006|2017|2009|2010,3001|3003|3005|3006|3008|3009|3011,Train|Bus|Taxi rank
Singleton Station,233010,151.1651707,-32.57177047,Coach1190,02 6572 1034,"Munro St, Singleton",2003|2004|2005|2006|2017|2008,3001|3009|3011,Train|Bus
Springwood Station,277720,150.5639799,-33.6988416,Coach1259,02 4780 3915,"Jerseywold Ave, Springwood",2001|2002|2003|2004|2005|2006|2015|2008|2009|2011|2013,3001|3003|3005|3008|3009|3011|3017,Train|Bus|Taxi rank
St James Station,200050,151.2118374,-33.87069742,Coach1105,02 9224 4751,"Elizabeth St, Sydney",2004|2005|2006|2015|2008|2010|2011,3001|3003|3005|3006|3008|3009|3011,Train|Bus
St Leonards Station,206520,151.1941268,-33.82238888,Coach1115,02 9379 1046,"The Forum, Herbert St, St Leonards",2001|2002|2004|2005|2006|2015|2008|2010|2011|2013,3001|3002|3003|3005|3006|3008|3009|3011,Train|Bus|Taxi rank
St Marys Station,276010,150.776029,-33.76225585,Coach1249,02 9851 7525,"Cnr Station St & Queen St, St Marys",2001|2002|2003|2004|2005|2006|2015|2008|2009|2010|2011|2013,3001|3003|3005|3006|3008|3009|3011,Train|Bus|Taxi rank
St Peters Station,204410,151.1802675,-33.9073952,Coach1443,02 9563 7412,"King St, St Peters",2004|2006|2015|2008,3003|3008|3010|3011,Train|Bus
Stanmore Station,204810,151.1640093,-33.89454885,Coach1213,02 9752 8994,"Douglas St, Stanmore",2004|2005|2006|2015|2008,3003|3008|3009|3010|3011,Train|Bus
Stanwell Park Station,250840,150.980938,-34.22658642,Coach1358,02 4223 5568,"Railway Cr, Stanwell Park",2002|2003|2004|2005|2006|2017|2008,3008|3009|3010|3011,Train
Strathfield Station,213510,151.0944271,-33.8718105,Coach1206,02 9752 8430,"Albert Rd, Strathfield",2004|2005|2006|2015|2008|2012|2013,3001|3003|3005|3006|3008|3009|3011,Train|Bus|Taxi rank
Summer Hill Station,213010,151.1394451,-33.89056077,Coach1210,02 9752 8489,"Carlton Cr, Summer Hill",2004|2005|2006|2015|2008|2011,3001|3003|3005|3006|3008|3009|3011,Train|Bus|Taxi rank
Sutherland Station,223210,151.0571901,-34.03178692,Coach1345,02 9522 1260,"Old Princes Hwy, Sutherland",2001|2002|2003|2004|2005|2006|2015|2008|2009|2011|2013,3001|3003|3005|3006|3008|3009|3011,Train|Bus|Taxi rank
Sydenham Station,204420,151.1666456,-33.9143732,Coach1326,02 9563 7764,"Gleeson Ave, Sydenham",2002|2004|2005|2006|2015|2008|2011|2013,3001|3003|3005|3008|3011,Train|Bus|Taxi rank
Tahmoor Station,257310,150.5899106,-34.22367667,Coach1302,02 4681 8218,"George St, Tahmoor",2003|2004|2005|2006|2017|2008|2009|2010,3001|3004|3011|3015,Train|Taxi rank
Tallong Station,257950,150.0865057,-34.7183306,Coach1313,02 4868 1115,"Highland Way, Tallong",2003|2004|2017,3004|3010|3011|3015,Train
Tarro Station,232220,151.6699415,-32.80930922,Coach1171,02 4962 9944,"Woodberry Rd, Tarro",2003|2004|2017,3008|3010|3011,Train
Tascott Station,225020,151.318056,-33.45135695,Coach1137,02 4349 9230,"Glenrock Pde, Tascott",2003|2004|2006|2017,3008|3010|3011|3013,Train|Bus
Telarah Station,232030,151.5396348,-32.72391026,Coach1179,02 4932 8409,"Johnson St, Telarah",2002|2003|2004|2006|2015|2008|2009|2011,3001|3003|3009|3011,Train|Bus
Telopea Station,211710,151.041563,-33.79367445,Coach1225,02 9872 1471,"Adderton Rd, Telopea",2003|2004|2005|2006|2017|2008,3004|3010|3011,Train|Bus
Tempe Station,204430,151.1565073,-33.92450473,Coach1327,02 9563 7417,"Griffiths St, Tempe",2002|2003|2004|2006|2015|2008|2009|2010,3003|3008|3009|3010|3011,Train
Teralba Station,228420,151.6034578,-32.96271245,Coach1153,02 4962 9437,"William St, Teralba",2003|2004|2005|2017,3008|3009|3010|3011|3016,Train|Bus
Thirroul Station,251550,150.9186524,-34.3184244,Coach1364,02 4223 5576,"Railway Pde, Thirroul",2001|2002|2003|2004|2005|2006|2015|2008|2009|2012|2013,3001|3003|3005|3008|3009|3011,Train|Bus|Taxi rank
Thornleigh Station,212010,151.078281,-33.7318712,Coach1195,02 9847 8474,"Railway Pde, Thornleigh",2001|2002|2003|2004|2005|2006|2015|2008,3003|3008|3010|3011,Train|Bus
Thornton Station,232240,151.6398308,-32.78359464,Coach1173,02 4962 9929,"Karuah St, Thornton",2003|2004|2006|2015|2008|2009|2011,3001|3005|3008|3009|3011,Train|Bus
Toongabbie Station,214610,150.9514373,-33.787263,Coach1233,02 9851 7204,"Wentworth Ave, Toongabbie",2003|2004|2005|2006|2015|2008,3003|3008|3009|3010|3011,Train|Bus|Taxi rank
Town Hall Station,200070,151.2068993,-33.87359633,Coach1101,02 9379 4110,"George St, Sydney",2004|2005|2006|2015|2008|2010|2012|2013,3001|3002|3003|3005|3006|3008|3009|3011,Train|Bus|Taxi rank
Towradgi Station,251830,150.9012389,-34.38468632,Coach1369,02 4223 5581,"Towradgi Rd, Towradgi",2001|2002|2004|2006|2017|2008|2011,3010|3011,Train|Bus
Tuggerah Station,225910,151.4201526,-33.30808648,Coach1144,02 4352 1450,"Pacific Hwy, Tuggerah",2001|2002|2003|2004|2005|2006|2015|2008|2009,3001|3003|3008|3009|3011,Train|Bus|Taxi rank
Turramurra Station,207410,151.1282818,-33.73218221,Coach1123,02 9847 8464,"Rohini St, Turramurra",2002|2003|2004|2005|2006|2015|2008|2009|2011|2013,3001|3003|3005|3006|3008|3009|3011,Train|Bus|Taxi rank
Turrella Station,220530,151.139909,-33.92995296,Coach1409,02 9563 7768,"Hannan St, Turrella",2001|2002|2004|2005|2006|2015|2008,3003|3008|3010|3011,Train|Bus
Unanderra Station,252610,150.8462629,-34.45442878,Coach1378,02 4223 5640,"Central Rd, Unanderra",2001|2003|2004|2005|2006|2015|2009|2011,3008|3009|3010|3011|3017,Train|Bus|Taxi rank
Valley Heights Station,277710,150.583813,-33.70446573,Coach1258,02 4780 3105,"Great Western Hwy, Valley Heights",2003|2004|2006|2017|2008,3008|3010|3011|3017,Train|Bus
Victoria Street Station,232320,151.5938259,-32.75095775,Coach1175,02 4933 7902,"Victoria St, East Maitland",2003|2004|2006|2015|2008,3003|3008|3010|3011,Train|Bus|Taxi rank
Villawood Station,216320,150.9760479,-33.88090168,Coach1407,02 9765 1268,"River Ave, Villawood",2003|2004|2005|2006|2015|2008|2009,3003|3008|3010|3011,Train
Vineyard Station,276520,150.8512458,-33.65050415,Coach1240,02 9851 7245,"Cnr Riverstone Pde & Bandon Rd, Vineyard",2003|2004|2017,3004|3006|3010|3011,Train
Wahroonga Station,207610,151.1168923,-33.7174292,Coach1125,02 9847 8463,"Redleaf Ave, Wahroonga",2003|2004|2005|2006|2015|2008,3003|3008|3009|3010|3011,Train|Bus|Taxi rank
Waitara Station,207710,151.1043411,-33.70999326,Coach1126,02 9847 8468,"Alexandria Pde, Waitara",2001|2002|2003|2004|2005|2006|2015|2008|2009|2010,3003|3008|3009|3010|3011,Train|Bus
Wallarobba Station,242020,151.6956798,-32.49613996,Coach1184,02 4932 8409,"Brookfield Rd, Wallarobba",2003|2004|2017,3001|3006|3011|3020,Train
Warabrook Station,230420,151.7098902,-32.88705464,Coach1168,02 4968 1487,"Warabrook Bvd, Warabrook",2003|2004|2015|2009,3001|3005|3008|3009|3011,Train
Waratah Station,230410,151.7316708,-32.90276555,Coach1167,02 4962 9495,"Station St, Waratah",2004|2006|2017|2008,3003|3008|3010|3011,Train|Bus|Taxi rank
Warnervale Station,225930,151.4485623,-33.24755931,Coach1146,02 4353 1915,"Railway Rd, Warnervale",2001|2002|2003|2004|2005|2015,3004|3010|3011|3016,Train|Bus
Warrawee Station,207420,151.1217568,-33.72428546,Coach1124,02 9847 8459,"Heydon Ave, Warrawee",2003|2004|2005|2006|2015|2008|2010,3003|3008|3009|3010|3011,Train|Bus
Warrimoo Station,277420,150.6019792,-33.72119644,Coach1257,02 4780 3808,"Railway Pde, Warrimoo",2003|2004|2006|2017|2008,3003|3008|3010|3011|3017,Train|Bus
Warwick Farm Station,217010,150.9350364,-33.91344996,Coach1288,02 9765 1127,"Remembrance Ave, Warwick Farm",2001|2002|2003|2004|2005|2006|2015|2008|2009|2011|2013,3001|3003|3005|3006|3008|3009|3011,Train|Bus|Taxi rank
Waterfall Station,223330,150.9945115,-34.13438522,Coach1355,02 9548 3725,"Kooraban St, Waterfall",2002|2003|2004|2005|2006|2015|2008|2009|2011,3001|3003|3005|3011,Train|Bus
Waverton Station,206020,151.1978555,-33.83824525,Coach1113,02 9379 1997,"Bay Rd, Waverton",2004|2005|2006|2015|2008,3001|3003|3005|3006|3008|3009|3011,Train|Bus
Wentworth Falls Station,278210,150.3763114,-33.70947192,Coach1266,02 4757 1011,"Station St, Wentworth Falls",2001|2002|2003|2004|2005|2006|2017|2008|2009,3003|3008|3010|3011|3017,Train|Bus|Taxi rank
Wentworthville Station,214520,150.9726376,-33.80719295,Coach1231,02 9848 9151,"Wentworth Ave, Wentworthville",2003|2004|2005|2006|2015|2008|2009,3003|3008|3010|3011,Train|Bus|Taxi rank
Werrington Station,274710,150.7583397,-33.7592923,Coach1250,02 4780 3815,"Railway St, Werrington",2003|2004|2005|2006|2015|2008|2009|2011|2013,3001|3003|3005|3006|3008|3009|3011,Train|Bus
West Ryde Station,211420,151.0902289,-33.80717213,Coach1201,02 9752 8465,"Ryedale Rd, West Ryde",2003|2004|2005|2006|2015|2008|2009|2011|2013,3001|3003|3005|3006|3008|3009|3011,Train|Bus|Taxi rank
Westmead Station,214510,150.9880115,-33.80852937,Coach1230,02 9848 9116,"Railway Pde, Westmead",2001|2002|2003|2004|2005|2006|2015|2008|2009|2011|2013,3001|3003|3005|3006|3008|3009|3011|3017,Train|Bus|Taxi rank
Wiley Park Station,219520,151.0672762,-33.92300854,Coach1399,02 9563 7441,"King Georges Rd, Wiley Park",2004|2006|2015|2008,3003|3006|3010|3011,Train|Bus|Taxi rank
Windsor Station,275620,150.811408,-33.61392767,Coach1242,02 9851 7276,"George St, Windsor",2001|2002|2003|2004|2005|2006|2015|2008|2009|2010|2011|2013,3001|3003|3006|3009|3011,Train|Bus|Taxi rank
Wingello Station,257910,150.1583854,-34.69218018,Coach1312,02 4868 1115,"Sydney St, Wingello",2004|2017|2008,3004|3010|3011,Train
Wirragulla Station,242030,151.743457,-32.4617735,Coach1185,02 4932 8409,"Dungog Rd, Wirragulla",2003|2004|2017|2008,3010|3011|3020,Train
Wolli Creek Station,220510,151.1541132,-33.92854683,Coach1328,02 9563 7986,"Brodie Sparks Dr, Wolli Creek",2004|2005|2006|2015|2008|2011|2013,3001|3003|3005|3006|3008|3009|3011,Train|Bus
Wollongong Station,250020,150.8882431,-34.42701617,Coach1372,02 4223 5517,"Lowden Square, Wollongong",2001|2002|2003|2004|2005|2006|2015|2008|2009|2010|2011,3001|3003|3005|3008|3009|3011,Train|Coach|Bus|Taxi rank
Wollstonecraft Station,206510,151.191895,-33.83179487,Coach1114,02 9379 4183,"Shirley Rd, Wollstonecraft",2003|2004|2005|2006|2015|2008,3003|3006|3010|3011,Train|Bus
Wombarra Station,251520,150.953145,-34.27593294,Coach1361,02 4223 5573,"Morrison Ave, Wombarra",2004|2006|2017,3008|3010|3011|3017,Train
Wondabyne Station,225010,151.2570108,-33.49213536,Coach1134,02 4349 9230,,2004|2017,3004|3008|3010|3011|3013,Train
Woodford Station,277810,150.4819174,-33.73544928,Coach1262,02 4780 3910,"Railway Pde, Woodford",2002|2003|2004|2005|2006|2017|2008|2009|2010,3008|3010|3011|3017,Train|Bus
Woolooware Station,223010,151.1439953,-34.04771809,Coach1350,02 9522 1265,"Swan St, Woolooware",2003|2004|2005|2006|2015|2008|2010|2011|2013,3001|3003|3005|3006|3008|3009|3011,Train|Bus
Woonona Station,251710,150.9149538,-34.35023047,Coach1366,02 4223 5578,"Park Rd, Woonona",2002|2003|2004|2005|2017|2008|2009|2011,3001|3003|3004|3008|3009|3011,Train|Bus|Taxi rank
Woy Woy Station,225610,151.3236239,-33.48511249,Coach1135,02 4349 9230,"Railway St, Woy Woy",2001|2002|2016|2003|2004|2005|2006|2015|2008|2009|2010|2011,3001|3003|3005|3008|3009|3011,Train|Bus|Ferry|Taxi rank
Wyee Station,225940,151.4871198,-33.18044789,Coach1147,02 4357 1202,"Gorokan Rd, Wyee",2003|2004|2006|2015|2008,3003|3008|3010|3011|3016,Train|Bus
Wynyard Station,200080,151.2057893,-33.86589799,Coach1102,02 9224 2959,"George St, Sydney",2004|2005|2006|2015|2008|2010|2011,3001|3002|3003|3005|3006|3008|3009|3011,Train|Bus|Taxi rank
Wyong Station,225920,151.4252562,-33.28547923,Coach1145,02 4353 1915,"Pacific Hwy, Wyong",2001|2002|2003|2004|2005|2006|2015|2008|2009|2010|2011,3001|3003|3005|3008|3009|3011,Train|Bus|Taxi rank
Yagoona Station,219910,151.0241519,-33.90655337,Coach1402,02 9379 7724,"Liverpool Rd, Yagoona",2003|2004|2005|2006|2015|2008|2009,3003|3008|3009|3010|3011,Train|Bus|Taxi rank
Yennora Station,216120,150.97Community Transport3,-33.8647184,Coach1284,02 9848 9414,"Railway St, Yennora",2003|2004|2006|2015|2008|2009,3003|3006|3008|3009|3010|3011,Train
Yerrinbool Station,257540,150.5434957,-34.37174006,Coach1304,02 4871 1935,"Hume Hwy, Yerrinbool",2003|2004|2005|2006|2017|2009,3004|3010|3011|3015,Train
Zig Zag Station,278630,150.202088,-33.4718103,Coach1273,02 6353 9565,"Inch St, Lithgow",2004|2017,3004|3008|3010|3011|3013,Train
Abbotsford Wharf,20461,151.1281726,-33.84367442,Coach2011,,,2001|2004|2015|2008,3001|3003|3011,Bus|Ferry
Balmain Wharf,20413,151.1863604,-33.85471605,Coach2008,,,2002|2004|2015|2009,3001|3003|3011,Ferry
Balmain East Wharf,20414,151.1959756,-33.85696725,Coach2010,,,2002|2004|2015,3001|3003|3009|3011,Bus|Ferry
Birchgrove Wharf,20412,151.1863405,-33.84645581,Coach2007,,,2004|2017,3003|3008|3010|3011,Ferry
Cabarita Wharf,21371,151.1164853,-33.84096251,Coach2031,,,2001|2003|2004|2015,3001|3003|3011,Bus|Ferry
Chiswick Wharf,20462,151.1417808,-33.84554855,Coach2012,,,2002|2004|2017|2008,3001|3003|3008|3011,Bus|Ferry
Cockatoo Island Wharf,20009,151.1732389,-33.84559502,Coach2002,,,2002|2015,3001,Ferry
Cremorne Point Wharf,20901,151.2308584,-33.84787838,Coach2025,,,2004|2015|2009,3001|3003|3009|3011,Bus|Ferry
Darling Harbour Wharf,2000180,151.2008261,-33.86687618,Coach2052,,,2004|2014|2017,3001|3003|3011,Bus|Ferry|Taxi rank
Darling Point Wharf,20271,151.2394906,-33.8664518,Coach2034,,,2004|2017,3003|3008|3010|3011,Ferry
Double Bay Wharf,20281,151.2425813,-33.87334922,Coach2003,,,2002|2004|2015,3003|3010|3011,Ferry
Drummoyne Wharf,20471,151.1570955,-33.84548995,Coach2013,,,2004|2017,3001|3003|3009|3011,Ferry
Garden Island Wharf,20007,151.2299226,-33.85813587,Coach2001,,,2017,3001,Ferry
Greenwich Point Wharf,20651,151.1808023,-33.84209993,Coach2019,,,2004|2017,3003|3008|3010|3011,Bus|Ferry
Huntleys Point Wharf,211158,151.1422376,-33.84192145,Coach2036,,,2002|2004|2017,3003|3008|3009|3010|3011,Ferry
Kirribilli Wharf,20614,151.2202795,-33.84936725,Coach2018,,,2004|2015,3003|3008|3010|3011,Ferry
Kissing Point Wharf,21122,151.1019831,-33.8316867,Coach2037,,,2001|2003|2004|2017|2008|2009,3001|3003|3011,Ferry
Kurraba Point Wharf,20892,151.2218291,-33.84342906,Coach2024,,,2004|2017,3003|3010|3011,Ferry
Manly Wharf,20951,151.2838762,-33.80048291,Coach2027,,,2001|2002|2004|2005|2006|2015|2011,3001|3003|3008|3011,Bus|Ferry|Taxi rank
McMahons Point Wharf,20601,151.2062986,-33.84865057,Coach2015,,,2004|2017,3003|3010|3011,Bus|Ferry
Meadowbank Wharf,21141,151.0898782,-33.82114791,Coach2028,,,2001|2003|2004|2005|2015|2008,3001|3003|3011,Train|Ferry
Milsons Point Wharf,20611,151.2106384,-33.84939899,Coach2017,,,2002|2004|2015,3001|3003|3008|3009|3011,Train|Bus|Ferry|Taxi rank
Mosman Bay Wharf,20881,151.2323381,-33.83847631,Coach2020,,,2002|2004|2006|2015|2009,3001|3003|3009|3011,Bus|Ferry
Neutral Bay Wharf,20891,151.2193125,-33.84231965,Coach2023,,,2004|2015|2009,3001|3003|3008|3011,Bus|Ferry
North Sydney Wharf,20603,151.2187282,-33.84496235,Coach2016,,,2004|2017,3003|3008|3010|3011,Ferry
Old Cremorne Wharf,20902,151.2305011,-33.84092232,Coach2026,,,2004|2017,3003|3008|3010|3011,Ferry
Parramatta Wharf,21501,151.010585,-33.81391554,Coach2032,,,2001|2002|2004|2005|2015|2009|2011,3001|3003|3011,Ferry|Taxi rank
Pyrmont Bay Wharf,200910,151.1987285,-33.86844161,Coach2033,,,2004|2015,3001|3003|3009|3011,Ferry
Rose Bay Wharf,20291,151.2621217,-33.87094819,Coach2004,,,2003|2004|2005|2015|2008,3001|3003|3011,Ferry
Rydalmere Wharf,21151,151.0437536,-33.81799002,Coach2029,,,2001|2002|2003|2004|2015,3001|3003|3008|3011,Ferry
South Mosman Wharf,20882,151.2325961,-33.84326831,Coach2021,,,2004|2015,3003|3008|3010|3011,Bus|Ferry
Sydney Olympic Park Wharf,21271,151.079094,-33.82220671,Coach2030,,,2002|2004|2015,3001|3003|3009|3011,Bus|Ferry
Taronga Zoo Wharf,20883,151.2395142,-33.8463431,Coach2022,,,2002|2004|2005|2006|2015,3001|3003|3011,Bus|Ferry
Watsons Bay Wharf,20301,151.28104,-33.84343945,Coach2005,,,2002|2004|2005|2015,3003|3008|3010|3011,Bus|Ferry
Woolwich Wharf,21101,151.1760428,-33.83875627,Coach2035,,,2002|2004|2005|2006|2017|2010,3001|3003|3011,Bus|Ferry
Castle Hill Bus Interchange,2154190,151.0064202,-33.7321484,10148755,,,2008,,Bus|Taxi rank
Lane Cove Bus Interchange,2066251,151.1712926,-33.81234789,10113474,,,2001|2002,3005,Bus
Prairiewood - Stockland Mall Bus Interchange,2176261,150.8968524,-33.85861799,10121819,,,2001|2002|2005|2009,3005,Bus
Railway Square Bus Interchange,200064,151.2034191,-33.88362346,Coach1110,,,2002|2005,3002|3005,Train|Bus|Light Rail|Taxi rank
Rouse Hill Bus Interchange,2155227,150.9241739,-33.69175333,10119603,,,2001|2002|2009,,Bus|Taxi rank
Dee Why Bus Interchange,209913,151.2863953,-33.75265204,10115434,,,2002|2005|2008,,Bus|Taxi rank
Capitol Square Light Rail ,2000255,151.2056556,-33.87975438,Coach1442,,,2004|2015,3001|3009|3011,Light Rail
Paddy's Markets Light Rail,2000253,151.2027409,-33.87925321,Coach1441,,,2004|2015,3001|3009|3011,Light Rail
Exhibition Centre Light Rail,2000264,151.1997027,-33.87719386,Coach1440,,,2004|2017,3001|3004|3008|3009|3011,Light Rail
Convention Centre Light Rail,2000262,151.198123,-33.87262846,Coach1439,,,2004|2015,3001|3004|3009|3011,Light Rail
Pyrmont Bay Light Rail,200943,151.19755,-33.86920237,Coach1438,,,2004|2015,3001|3004|3005|3008|3009|3011,Light Rail
The Star Light Rail,200941,151.1952012,-33.8673489,Coach1437,,,2004|2015|2008,3001|3004|3005|3008|3009|3011,Light Rail
John Street Square Light Rail,200939,151.1918901,-33.86722922,Coach1436,,,2004|2015,3001|3004|3005|3008|3009|3011,Light Rail
Fish Market Light Rail,200937,151.192293,-33.87091734,Coach1435,,,2004|2015,3001|3004|3005|3008|3009|3011,Light Rail
Wentworth Park Light Rail,200935,151.1939664,-33.87436029,Coach1434,,,2004|2017,3001|3004|3008|3009|3011,Light Rail
Glebe Light Rail Light Rail,203781,151.1873612,-33.87715587,Coach1433,,,2004|2015,3001|3004|3008|3009|3011,Light Rail
Jubilee Park Light Rail,203779,151.1787626,-33.87537487,Coach1432,,,2004|2015,3001|3004|3008|3009|3011,Light Rail
Rozelle Bay Light Rail,203839,151.1727016,-33.87181104,Coach1431,,,2004|2015,3001|3004|3008|3009|3011,Light Rail
Lilyfield Light Rail,2040115,151.1651053,-33.87408114,Coach1430,,,2004|2015,3001|3004|3005|3008|3009|3011,Light Rail
Leichhardt North Light Rail,2040113,151.1538683,-33.87498209,Coach1454,,,2002|2004|2005|2017,3001|3003|3004|3005|3008|3009|3011,Light Rail
Hawthorne Light Rail,2040111,151.1471308,-33.87972548,Coach1455,,,2002|2004|2005|2015,3001|3003|3004|3009|3011,Light Rail
Marion Light Rail,2040109,151.1450903,-33.88384696,Coach1456,,,2002|2004|2005|2015,3001|3003|3004|3005|3008|3009|3011,Light Rail
Taverner's Hill Light Rail,2040107,151.1452209,-33.88930105,Coach1457,,,2002|2004|2005|2017,3001|3003|3004|3005|3008|3009|3011,Light Rail
Lewisham West Light Rail,204993,151.1432381,-33.89398857,Coach1458,,,2002|2004|2017,3001|3003|3004|3009|3011,Light Rail
Waratah Mills Light Rail,220368,151.1401223,-33.89877075,Coach1459,,,2002|2004|2017,3001|3003|3004|3009|3011,Light Rail
Arlington Light Rail,220366,151.1380613,-33.90184127,Coach1460,,,2002|2004|2005|2015,3001|3003|3004|3008|3009|3011,Light Rail
Dulwich Grove Light Rail,220365,151.1390126,-33.9050373,Coach1461,,,2002|2004|2015,3001|3003|3004|3005|3008|3009|3011,Light Rail
Dulwich Hill Light Rail,220363,151.1400854,-33.91030497,Coach1462,,,2002|2004|2015,3001|3003|3004|3005|3008|3009|3011,Train|Light Rail
Albury Station,26401,146.924691,-36.084068,10155026,02 6024 8034,"Railway Pl, East Albury",2003|2004|2006|2008|2009|2011|2013,3001|3006|3008|3011|3012,Train|Coach|Taxi rank
Armidale Station,23501,151.651753,-30.515373,10155025,02 6774 8630,"Brown St, Armidale",2002|2003|2006|2008|2009|2011|2013,3001|3006|3008|3011,Train|Coach|Taxi rank
Bellata Station,23971,149.7905,-29.9183,10155045,,"Newell Hwy, Bellata",,3001|3006|3012,Train
Blayney Station,27991,149.254516,-33.52704,10155031,02 6368 4375,"Railway Ln, Blayney",2003|2004|2008|2009|2011|2013,3001|3006|3011,Train
Boggabri Station,23821,150.039827,-30.703834,10155054,,"Oakham St, Boggabri",2004,3001|3006|3008|3011|3012,Train
Broken Hill Station,28801,141.466665,-31.959275,10155000,08 8082 5220,"Crystal St, Broken Hill",2003|2004|2008|2009|2011,3001|3006|3008|3009|3011,Train|Taxi rank
Bungendore Station,26211,149.446409,-35.255778,10155034,,"Majara St, Bungendore",2003|2008,3001|3006|3011|3012,Train
Canberra Station,26041,149.149396,-35.319272,10155022,02 6208 9700,"Burke Cr, Kingston ACT",2003|2006|2008|2009|2011|2013,3001|3006|3011,Train|Coach|Taxi rank
Casino Station,24701,153.038275,-28.860663,10155062,02 6663 4910,"Canterbury St, Casino",2003|2004|2006|2008|2009|2011|2013,3001|3006|3008|3011,Train|Coach|Taxi rank
Coffs Harbour Station,24501,153.138175,-30.3052,10155060,02 6648 3700,"Angus McLeod Pl, Coffs Harbour",2002|2003|2006|2008|2009|2011|2013,3001|3006|3008|3011,Train|Taxi rank
Condobolin Station,28772,147.153285,-33.08391,10155039,,"Denison St, Condobolin",,3006,Train
Coolamon Station,27011,147.201858,-34.816045,10155041,,"Wade St, Coolamon",,3006,Train
Cootamundra Station,25901,148.030649,-34.641038,10155050,02 6940 2920,"Hovell St, Cootamundra",2003|2004|2006|2008|2009|2011|2013,3001|3006|3011,Train|Coach|Taxi rank
Culcairn Station,26601,147.038128,-35.666107,10155032,,"Balfour St, Culcairn",2004|2008,3001|3006|3011|3012,Train
Darnick Station,28781,143.624896,-32.851214,10155004,,"Ivanhoe Menindee Rd, Ivanhoe",,3008|3010|3012,Train
Dubbo Station,28301,148.608182,-32.245012,10155006,02 6841 3700,"Talbragar St, Dubbo",2003|2004|2006|2008|2009|2013,3001|3006|3011,Train|Coach|Taxi rank
Euabalong West Station,28771,146.3909,-33.0548,10155018,,"Uabba St, Euabalong West",,3006|3008|3010|3012,Train
Eungai Station,24411,152.9001,-30.8497,10155049,,"South Bank Rd, Eungai",,3001|3006|3011|3012,Train
Geurie Station,28311,148.830581,-32.398277,10155013,,"Buckenbar St, Geurie",2004,3006|3010|3011|3012,Train|Coach
Gloucester Station,24221,151.966735,-32.004766,10155028,,"Bucketts Way, Gloucester",2003|2004|2006|2008|2011|2013,3006|3010|3011,Train
Grafton Station,24601,152.941692,-29.703905,10155063,02 6641 5170,"Crisp Ave, South Grafton",2003|2006|2008|2009|2011|2013,3001|3006|3008|3011,Train|Coach|Bus|Taxi rank
Griffith Station,26801,146.047734,-34.28682,10155011,02 6961 8550,"Railway St, Griffith",2008|2009|2011,3001|3006|3008,Train
Gunnedah Station,23801,150.247996,-30.979376,10155055,02 6740 2060,"Railway Ave, Gunnedah",2003|2004|2008|2009|2013,3001|3006|3011,Train|Taxi rank
Gunning Station,25811,149.261031,-34.779691,10155030,,"Grovenor St, Gunning",2003|2008,3001|3004|3006|3011|3012,Train
Harden Station,25871,148.371322,-34.553349,10155003,,"Station St, Harden",2004|2008,3006|3011,Train
Henty Station,26581,147.035371,-35.517886,10155029,,"Olympic Hwy, Henty",2004|2008,3006|3008|3010|3011|3012,Train
Ivanhoe Station,28782,144.311759,-32.914304,10155007,,"Mitchell St, Ivanhoe",2008,3001|3006,Train
Junee Station,26631,147.583766,-34.87026,10155047,02 6924 4512,"Railway Sq, Junee",2003|2004|2006|2008|2009|2011,3001|3006|3008|3011,Train|Taxi rank
Kempsey Station,24401,152.833041,-31.076852,10155046,02 6561 4940,"Kemp St, Kempsey",2003|2006|2008|2009|2011|2013,3001|3006|3011,Train|Bus|Taxi rank
Kendall Station,24391,152.706288,-31.635404,10155040,,"Railway St, Kendall",2003|2004|2006|2008|2009,3001|3006|3011|3012,Train
Kootingal Station,23521,151.056154,-31.058731,10155012,,"Gate St, Kootingal",,3001|3006|3011|3012,Train
Kyogle Station,24741,153.001284,-28.620185,10155066,,"Ettrick St, Kyogle",,3001|3006|3011|3012,Train
Leeton Station,27051,146.397659,-34.554328,10155020,,"Railway Ave, Leeton",,3006,Train
Macksville Station,24471,152.913135,-30.709283,10155053,02 6598 8010,"Station St, Macksville",2003|2004|2006|2008|2009,3001|3006|3011,Train|Taxi rank
Menindee Station,28791,142.424697,-32.389345,10155001,,"Maiden St, Menindee",,3006|3008|3010,Train
Moree Station,24001,149.848164,-29.473849,10155051,,"Gosport St, Moree",2003|2008|2009|2013,3001|3004|3006|3009|3011,Train|Coach|Taxi rank
Murrurundi Station,23381,150.839451,-31.768429,10155005,,"Victoria St, Murrurundi",2003|2004|2008|2009,3001|3006|3008|3011,Train
Nambucca Heads Station,24481,152.977472,-30.629129,10155058,02 6598 7310,"Railway Pde, Nambucca Heads",2003|2004|2006|2008|2009|2011|2013,3001|3006|3011,Train|Taxi rank
Narrabri Station,23901,149.79202,-30.325322,10155044,02 6799 5210,"Bowen St, Narrabri",2003|2004|2006|2008|2009|2011|2013,3001|3006|3008|3011,Train|Coach|Taxi rank
Narrandera Station,27001,146.556999,-34.740516,10155024,,"Whitton St, Narrandera",2008,3006|3008|3010,Train|Coach
Orange Station,28001,149.103703,-33.286992,10155023,02 6363 8830,"Peisley St, Orange",2003|2004|2006|2008|2009|2011|2013,3001|3006|3011,Train|Taxi rank
Parkes Station,28701,148.173185,-33.142132,10155056,02 6863 8850,"Welcome St, Parkes",2003|2008|2009,3006|3008|3010,Train|Taxi rank
Queanbeyan Station,26201,149.227651,-35.34289,10155027,,"Henderson Rd, Queanbeyan",2003|2004|2008|2009,3001|3006|3008|3011,Train|Coach
Quirindi Station,23431,150.681098,-31.505399,10155059,,"Station St, Quirindi",2003|2004|2006|2008|2009|2011|2013,3001|3006|3011,Train|Taxi rank
Rydal Station,2790128,150.031812,-33.483565,10155052,,"Bathurst St, Rydal",,3001|3006|3009|3011,Train
Sawtell Station,24521,153.097419,-30.359429,10155065,,"Huberts Rd, Sawtell",2003|2009,3001|3006|3011|3012,Train
Stuart Town Station,28201,149.07832,-32.801192,10155019,,"Bell St, Stuart Town",2004,3001|3006|3011|3012,Train
Tamworth Station,234012,150.930848,-31.087262,10155009,02 6701 9050,"Marius St, Tamworth",2003|2006|2008|2009|2013,3001|3006|3011,Train|Coach|Taxi rank
Tarago Station,258011,149.651365,-35.069961,10155038,,"Goulburn St, Tarago",2008,3011|3012,Train
Tarana Station,27871,149.907594,-33.524107,10155048,,"Mutton Falls Rd, Tarana",2004,3001|3006|3009|3011,Train
Taree Station,24301,152.456963,-31.906437,10155037,02 6592 4770,"Olympia St, Taree",2003|2006|2008|2009|2011|2013,3001|3006|3008|3011,Train|Coach|Bus|Taxi rank
The Rock Station,26551,147.118301,-35.271764,10155035,,"Olympic Hwy, The Rock",2004|2008,3006|3011|3012,Train
Uralla Station,235813,151.505202,-30.644076,10155021,,"Duke St, Uralla",2003|2004|2009,3001|3006|3011|3012,Train
Urunga Station,24551,153.018678,-30.499656,10155064,,"Orana St, Urunga",2003|2004|2008|2011,3001|3006|3011|3012,Train
Wagga Wagga Station,26501,147.36845,-35.120418,10155042,02 6932 3150,"Station Pl, Wagga Wagga",2003|2004|2006|2008|2009|2011|2013,3001|3006|3011,Train|Coach|Taxi rank
Walcha Road Station,23541,151.40217,-30.940998,10155016,,"Wollun Rd, Walcha Road",2004,3006|3011|3012,Train|Coach
Wauchope Station,24461,152.736526,-31.455909,10155043,02 6589 6540,"Randall St, Wauchope",2003|2004|2006|2008|2009|2011|2013,3001|3006|3008|3011,Train|Coach|Bus|Taxi rank
Wellington Station,28202,148.946832,-32.554036,10155017,02 6840 7850,Swift St Wellington,2003|2008|2009|2013,3001|3006|3008|3011,Train|Coach
Werris Creek Station,23411,150.646464,-31.350139,10155057,,"Single St, Werris Creek",2003|2004|2006|2008|2009,3001|3006|3011,Train|Taxi rank
Willow Tree Station,23391,150.726123,-31.650065,10155002,,"Main North Rd, Willow Tree",2004|2008,3001|3006|3008|3011|3012,Train
Wingham Station,24291,152.367636,-31.86809,10155033,,"Price St, Wingham",2003|2004|2008|2009|2011,3006|3011,Train
Yass Junction,25821,148.915387,-34.808995,10155014,02 6118 6000,"Faulder Ave, Yass",2003|2004|2008|2009|2013,3001|3004|3006|3008|3009|3011|3012,Train|Coach|Taxi rank
